Stock,Bucket
A,4
AA,4
AAAP,4
AABA,4
AAC,4
AAL,4
AAN,4
AAOI,4
AAON,4
AAP,4
AAPL,4
AAT,4
AAV,4
AAWW,4
AAXN,4
AB,4
ABAX,4
ABB,4
ABBV,4
ABC,4
ABCB,4
ABDC,4
ABEO,4
ABEV,4
ABG,4
ABM,4
ABMD,4
ABR,4
ABT,4
ABUS,4
ACAD,4
ACC,4
ACCO,4
ACET,4
ACGL,4
ACH,4
ACHC,4
ACHN,4
ACIA,4
ACIW,4
ACLS,4
ACM,4
ACN,4
ACOR,4
ACRE,4
ACRS,4
ACRX,4
ACSF,4
ACTG,4
ACWI,4
ACXM,4
ADAP,4
ADBE,4
ADC,4
ADI,4
ADM,4
ADMP,4
ADMS,4
ADP,4
ADRO,4
ADS,4
ADSK,4
ADSW,4
ADTN,4
ADVM,4
ADXS,4
AEE,4
AEG,4
AEGN,4
AEIS,4
AEL,4
AEO,4
AEP,4
AER,4
AERI,4
AES,4
AET,4
AEZS,4
AFG,4
AFH,4
AFI,4
AFL,4
AFMD,4
AFSI,4
AG,4
AGCO,4
AGEN,4
AGFS,4
AGI,4
AGIO,4
AGM,4
AGN,4
AGO,4
AGR,4
AGRO,4
AGRX,4
AGTC,4
AGX,4
AGYS,4
AHC,4
AHGP,4
AHH,4
AHL,4
AHP,4
AHT,4
AI,4
AIG,4
AIMC,4
AIN,4
AINV,4
AIR,4
AIRG,4
AIT,4
AIV,4
AIZ,4
AJG,4
AJRD,4
AKAM,4
AKAO,4
AKBA,4
AKG,4
AKR,4
AKRX,4
AKS,4
AL,4
ALB,4
ALDR,4
ALDX,4
ALE,4
ALEX,4
ALG,4
ALGN,4
ALGT,4
ALIM,4
ALK,4
ALKS,4
ALL,4
ALLE,4
ALLT,4
ALLY,4
ALNY,4
ALOG,4
ALQA,4
ALRM,4
ALSK,4
ALSN,4
ALT,4
ALV,4
ALXN,4
AM,4
AMAG,4
AMAT,4
AMBA,4
AMBC,4
AMBR,4
AMC,4
AMCN,4
AMCX,4
AMD,4
AME,4
AMED,4
AMG,4
AMGN,4
AMH,4
AMID,4
AMKR,4
AMN,4
AMNB,4
AMOT,4
AMP,4
AMPH,4
AMRC,4
AMRN,4
AMRS,4
AMSC,4
AMSF,4
AMSWA,4
AMT,4
AMTD,4
AMWD,4
AMX,4
AMZA,4
AMZN,4
AN,4
ANAB,4
ANAT,4
ANDE,4
ANDV,4
ANDX,4
ANET,4
ANF,4
ANGI,4
ANGO,4
ANH,4
ANIK,4
ANIP,4
ANSS,4
ANTH,4
ANTM,4
ANW,4
AON,4
AOS,4
AOSL,4
AP,4
APA,4
APAM,4
APC,4
APD,4
APEI,4
APH,4
APLE,4
APLP,4
APO,4
APOG,4
APPS,4
APT,4
APTI,4
APTS,4
APTV,4
APU,4
APVO,4
AQMS,4
AR,4
ARA,4
ARAY,4
ARC,4
ARCB,4
ARCC,4
ARCO,4
ARCT,4
ARCW,4
ARDM,4
ARDX,4
ARE,4
ARES,4
AREX,4
ARGS,4
ARI,4
ARII,4
ARLP,4
ARLZ,4
ARMK,4
ARNA,4
ARNC,4
AROC,4
AROW,4
ARQL,4
ARR,4
ARRS,4
ARRY,4
ARTNA,4
ARTX,4
ARW,4
ARWR,4
ASB,4
ASC,4
ASCMA,4
ASFI,4
ASGN,4
ASH,4
ASIX,4
ASMB,4
ASML,4
ASNA,4
ASND,4
ASPS,4
ASR,4
ASRV,4
AST,4
ASTE,4
ASUR,4
ASYS,4
AT,4
ATAX,4
ATEN,4
ATGE,4
ATH,4
ATHM,4
ATHN,4
ATI,4
ATKR,4
ATLC,4
ATNI,4
ATNM,4
ATO,4
ATR,4
ATRA,4
ATRC,4
ATRS,4
ATSG,4
ATTU,4
ATU,4
ATVI,4
AUDC,4
AUMN,4
AUO,4
AUPH,4
AUTO,4
AUY,4
AVA,4
AVAV,4
AVB,4
AVD,4
AVDL,4
AVEO,4
AVGO,4
AVH,4
AVHI,4
AVID,4
AVP,4
AVT,4
AVX,4
AVXL,4
AVXS,4
AVY,4
AWI,4
AWK,4
AWR,4
AXAS,4
AXDX,4
AXE,4
AXGN,4
AXL,4
AXP,4
AXS,4
AXTA,4
AXTI,4
AY,4
AYI,4
AYR,4
AZN,4
AZO,4
AZPN,4
AZZ,4
B,4
BA,4
BAA,4
BABA,4
BABY,4
BAC,4
BAH,4
BAK,4
BAM,4
BANC,4
BANR,4
BAP,4
BAS,4
BATRA,4
BATRK,4
BAX,4
BB,4
BBBY,4
BBD,4
BBH,4
BBL,4
BBOX,4
BBRG,4
BBSI,4
BBT,4
BBU,4
BBVA,4
BBY,4
BC,4
BCBP,4
BCC,4
BCE,4
BCEI,4
BCLI,4
BCO,4
BCOV,4
BCPC,4
BCRX,4
BCS,4
BDC,4
BDGE,4
BDN,4
BDSI,4
BDX,4
BEAT,4
BECN,4
BEL,4
BELFB,4
BEN,4
BERY,4
BF.A,4
BF.B,4
BFAM,4
BFR,4
BG,4
BGC,4
BGCP,4
BGG,4
BGNE,4
BGS,4
BHBK,4
BHE,4
BHGE,4
BHLB,4
BHP,4
BID,4
BIDU,4
BIG,4
BIIB,4
BIO,4
BIOA,4
BIOC,4
BIOS,4
BIP,4
BITA,4
BJRI,4
BK,4
BKCC,4
BKD,4
BKE,4
BKEP,4
BKH,4
BKI,4
BKNG,4
BKS,4
BKU,4
BLCM,4
BLD,4
BLDP,4
BLDR,4
BLK,4
BLKB,4
BLL,4
BLMN,4
BLUE,4
BLX,4
BMA,4
BMCH,4
BMI,4
BMO,4
BMRN,4
BMS,4
BMTC,4
BMY,4
BNCL,4
BNED,4
BNFT,4
BNS,4
BOCH,4
BOFI,4
BOH,4
BOJA,4
BOKF,4
BOLD,4
BOOM,4
BOOT,4
BORN,4
BOX,4
BP,4
BPFH,4
BPI,4
BPL,4
BPMC,4
BPOP,4
BPY,4
BR,4
BRC,4
BREW,4
BRFS,4
BRG,4
BRK.B,4
BRKL,4
BRKR,4
BRKS,4
BRO,4
BRS,4
BRSS,4
BRX,4
BSAC,4
BSBR,4
BSET,4
BSM,4
BSMX,4
BSQR,4
BSRR,4
BSX,4
BTE,4
BTG,4
BTI,4
BTX,4
BUD,4
BUFF,4
BURL,4
BUSE,4
BVN,4
BW,4
BWA,4
BWEN,4
BWINB,4
BWP,4
BWX,4
BWXT,4
BX,4
BXC,4
BXE,4
BXMT,4
BXP,4
BXS,4
BYD,4
BZH,4
BZUN,4
C,4
CA,4
CAAS,4
CAC,4
CACC,4
CACI,4
CAFD,4
CAG,4
CAH,4
CAI,4
CAJ,4
CAKE,4
CAL,4
CALA,4
CALL,4
CALM,4
CALX,4
CAMP,4
CAMT,4
CANF,4
CAPL,4
CAR,4
CARA,4
CARB,4
CASH,4
CASS,4
CASY,4
CAT,4
CATM,4
CATO,4
CATY,4
CAVM,4
CB,4
CBAY,4
CBB,4
CBD,4
CBI,4
CBIO,4
CBK,4
CBL,4
CBM,4
CBMG,4
CBOE,4
CBPO,4
CBPX,4
CBRE,4
CBRL,4
CBS,4
CBS.A,4
CBSH,4
CBT,4
CBU,4
CBZ,4
CC,4
CCE,4
CCI,4
CCJ,4
CCK,4
CCL,4
CCLP,4
CCM,4
CCMP,4
CCNE,4
CCO,4
CCOI,4
CCRN,4
CCS,4
CCUR,4
CCXI,4
CDE,4
CDEV,4
CDK,4
CDMO,4
CDNA,4
CDNS,4
CDR,4
CDTX,4
CDW,4
CDXC,4
CDZI,4
CE,4
CECE,4
CECO,4
CEL,4
CELG,4
CENT,4
CENTA,4
CENX,4
CEO,4
CEQP,4
CERN,4
CERS,4
CETV,4
CEVA,4
CF,4
CFFN,4
CFG,4
CFMS,4
CFR,4
CFX,4
CG,4
CGA,4
CGEN,4
CGIP,4
CGIX,4
CGNX,4
CHCO,4
CHD,4
CHDN,4
CHE,4
CHEF,4
CHFC,4
CHFN,4
CHGG,4
CHH,4
CHK,4
CHKE,4
CHKP,4
CHKR,4
CHL,4
CHRS,4
CHRW,4
CHS,4
CHSP,4
CHT,4
CHTR,4
CHU,4
CI,4
CIA,4
CIEN,4
CIG,4
CIM,4
CINF,4
CIO,4
CIR,4
CIT,4
CIU,4
CIVI,4
CKH,4
CL,4
CLAR,4
CLB,4
CLCT,4
CLD,4
CLDT,4
CLDX,4
CLF,4
CLFD,4
CLGX,4
CLH,4
CLI,4
CLLS,4
CLMT,4
CLNE,4
CLNS,4
CLR,4
CLS,4
CLSN,4
CLUB,4
CLVS,4
CLW,4
CLX,4
CM,4
CMA,4
CMC,4
CMCM,4
CMCO,4
CMCSA,4
CMD,4
CME,4
CMFN,4
CMG,4
CMI,4
CMLSQ,4
CMO,4
CMP,4
CMRE,4
CMRX,4
CMS,4
CMTL,4
CNA,4
CNAT,4
CNC,4
CNCE,4
CNET,4
CNHI,4
CNI,4
CNIT,4
CNK,4
CNMD,4
CNNE,4
CNO,4
CNOB,4
CNP,4
CNQ,4
CNS,4
CNSL,4
CNTY,4
CNX,4
CNXM,4
CNXN,4
CO,4
COBZ,4
CODI,4
COF,4
COG,4
COHR,4
COHU,4
COL,4
COLB,4
COLL,4
COLM,4
COMM,4
CONE,4
CONN,4
COO,4
COP,4
COR,4
CORE,4
CORR,4
CORT,4
COST,4
COT,4
COTV,4
COTY,4
COUP,4
COWN,4
CP,4
CPA,4
CPB,4
CPE,4
CPF,4
CPG,4
CPIX,4
CPK,4
CPL,4
CPLA,4
CPLP,4
CPRT,4
CPRX,4
CPS,4
CPSI,4
CPSS,4
CPT,4
CPTA,4
CQH,4
CQP,4
CR,4
CRAI,4
CRAY,4
CRBP,4
CRC,4
CRCM,4
CRD.A,4
CREE,4
CRESY,4
CRH,4
CRI,4
CRIS,4
CRL,4
CRM,4
CRMD,4
CRME,4
CRMT,4
CRNT,4
CROX,4
CRR,4
CRS,4
CRSP,4
CRTO,4
CRUS,4
CRVL,4
CRWS,4
CRY,4
CRZO,4
CS,4
CSCO,4
CSFL,4
CSGP,4
CSGS,4
CSII,4
CSIQ,4
CSJ,4
CSL,4
CSLT,4
CSOD,4
CSTE,4
CSTM,4
CSU,4
CSV,4
CSWC,4
CSX,4
CTAS,4
CTB,4
CTBI,4
CTG,4
CTIC,4
CTL,4
CTLT,4
CTMX,4
CTRE,4
CTRN,4
CTRP,4
CTS,4
CTSH,4
CTT,4
CTXS,4
CUB,4
CUBE,4
CUBI,4
CUI,4
CUK,4
CULP,4
CUR,4
CUTR,4
CUZ,4
CVA,4
CVBF,4
CVCO,4
CVCY,4
CVE,4
CVEO,4
CVG,4
CVGI,4
CVGW,4
CVI,4
CVLT,4
CVRR,4
CVS,4
CVTI,4
CVX,4
CW,4
CWCO,4
CWH,4
CWST,4
CWT,4
CX,4
CXDC,4
CXO,4
CXP,4
CXRX,4
CXW,4
CY,4
CYBR,4
CYD,4
CYH,4
CYOU,4
CYRX,4
CYS,4
CYTK,4
CYTR,4
CYTX,4
CZNC,4
CZR,4
CZZ,4
D,4
DAKT,4
DAL,4
DAN,4
DAR,4
DATA,4
DB,4
DBA,4
DBB,4
DBC,4
DBD,4
DBV,4
DBVT,4
DCI,4
DCMYY,4
DCO,4
DCOM,4
DCP,4
DCT,4
DDD,4
DDR,4
DDS,4
DE,4
DEA,4
DECK,4
DEI,4
DEM,4
DENN,4
DEO,4
DEPO,4
DERM,4
DF,4
DFIN,4
DFRG,4
DFS,4
DG,4
DGICA,4
DGII,4
DGX,4
DHI,4
DHR,4
DHT,4
DHX,4
DIA,4
DIN,4
DIOD,4
DIS,4
DISCA,4
DISCK,4
DISH,4
DK,4
DKL,4
DKS,4
DL,4
DLB,4
DLNG,4
DLTR,4
DLX,4
DM,4
DMLP,4
DNB,4
DNKN,4
DNN,4
DNOW,4
DNR,4
DO,4
DOC,4
DOOR,4
DORM,4
DOV,4
DOX,4
DPLO,4
DPS,4
DPW,4
DPZ,4
DQ,4
DRAD,4
DRE,4
DRH,4
DRI,4
DRNA,4
DRQ,4
DRRX,4
DS,4
DSKE,4
DSPG,4
DSS,4
DSW,4
DSX,4
DTE,4
DTEA,4
DUK,4
DVA,4
DVAX,4
DVN,4
DVY,4
DWCH,4
DWDP,4
DWSN,4
DX,4
DXC,4
DXLG,4
DXPE,4
DXYN,4
DY,4
E,4
EA,4
EAT,4
EBAY,4
EBF,4
EBIO,4
EBIX,4
EBS,4
EBSB,4
EC,4
ECA,4
ECH,4
ECHO,4
ECL,4
ECOL,4
ECOM,4
ECPG,4
ECR,4
ECYT,4
ED,4
EDAP,4
EDGE,4
EDIT,4
EDR,4
EDU,4
EE,4
EEB,4
EEFT,4
EEM,4
EEP,4
EEQ,4
EFA,4
EFC,4
EFII,4
EFSC,4
EFX,4
EGBN,4
EGC,4
EGHT,4
EGI,4
EGL,4
EGLE,4
EGLT,4
EGN,4
EGO,4
EGOV,4
EGP,4
EGRX,4
EGY,4
EHC,4
EHTH,4
EIG,4
EIGI,4
EIX,4
EL,4
ELF,4
ELGX,4
ELLI,4
ELP,4
ELS,4
ELY,4
EMAN,4
EMB,4
EMCI,4
EME,4
EMES,4
EMKR,4
EMMS,4
EMN,4
EMR,4
ENB,4
ENBL,4
ENDP,4
ENG,4
ENIA,4
ENIC,4
ENLC,4
ENLK,4
ENPH,4
ENR,4
ENS,4
ENSG,4
ENT,4
ENTA,4
ENTG,4
ENV,4
ENVA,4
ENZ,4
EOCC,4
EOG,4
EPAM,4
EPAY,4
EPC,4
EPD,4
EPE,4
EPM,4
EPP,4
EPR,4
EPZM,4
EQC,4
EQGP,4
EQIX,4
EQM,4
EQR,4
EQT,4
ERA,4
ERF,4
ERI,4
ERIC,4
ERIE,4
ERII,4
ERJ,4
ERN,4
EROS,4
ES,4
ESCA,4
ESE,4
ESIO,4
ESL,4
ESND,4
ESNT,4
ESPR,4
ESRT,4
ESRX,4
ESS,4
ESV,4
ETE,4
ETFC,4
ETH,4
ETM,4
ETN,4
ETP,4
ETR,4
ETSY,4
EURN,4
EV,4
EVA,4
EVBG,4
EVC,4
EVEP,4
EVH,4
EVHC,4
EVLV,4
EVOL,4
EVR,4
EVRI,4
EVTC,4
EW,4
EWA,4
EWBC,4
EWD,4
EWG,4
EWH,4
EWI,4
EWJ,4
EWL,4
EWM,4
EWP,4
EWQ,4
EWS,4
EWU,4
EWY,4
EWZ,4
EXAS,4
EXC,4
EXEL,4
EXLS,4
EXP,4
EXPD,4
EXPE,4
EXPO,4
EXPR,4
EXR,4
EXTN,4
EXTR,4
EYES,4
EYPT,4
EZA,4
EZPW,4
EZU,4
F,4
FAF,4
FALC,4
FANG,4
FANH,4
FARO,4
FAS,4
FAST,4
FATE,4
FB,4
FBC,4
FBHS,4
FBIO,4
FBIZ,4
FBNC,4
FBNK,4
FBP,4
FC,4
FCAU,4
FCB,4
FCBC,4
FCE.A,4
FCEL,4
FCF,4
FCFS,4
FCN,4
FCSC,4
FCX,4
FDC,4
FDN,4
FDP,4
FDS,4
FDUS,4
FDX,4
FE,4
FELE,4
FELP,4
FENG,4
FET,4
FEYE,4
FF,4
FFBC,4
FFG,4
FFIC,4
FFIN,4
FFIV,4
FFNW,4
FGEN,4
FGP,4
FHB,4
FHN,4
FI,4
FIBK,4
FICO,4
FII,4
FINL,4
FIS,4
FISI,4
FISV,4
FIT,4
FITB,4
FIVE,4
FIVN,4
FIX,4
FIZZ,4
FL,4
FLDM,4
FLEX,4
FLIC,4
FLIR,4
FLKS,4
FLNT,4
FLO,4
FLOW,4
FLR,4
FLS,4
FLT,4
FLWS,4
FLXN,4
FLY,4
FMBI,4
FMC,4
FMNB,4
FMS,4
FMSA,4
FMX,4
FN,4
FNB,4
FNF,4
FNGN,4
FNHC,4
FNLC,4
FNSR,4
FNV,4
FOE,4
FOLD,4
FOMX,4
FOR,4
FORM,4
FORR,4
FOX,4
FOXA,4
FOXF,4
FPI,4
FPRX,4
FR,4
FRAN,4
FRBK,4
FRC,4
FRED,4
FRGI,4
FRME,4
FRO,4
FRPT,4
FRSH,4
FRT,4
FRTA,4
FSIC,4
FSLR,4
FSP,4
FSS,4
FSTR,4
FTAI,4
FTD,4
FTEK,4
FTI,4
FTK,4
FTNT,4
FTR,4
FTV,4
FUL,4
FULT,4
FUN,4
FVE,4
FWONA,4
FWONK,4
FWRD,4
FXI,4
G,4
GABC,4
GAIA,4
GAIN,4
GALT,4
GARS,4
GASS,4
GATX,4
GBCI,4
GBDC,4
GBT,4
GBX,4
GCAP,4
GCI,4
GCO,4
GCP,4
GD,4
GDDY,4
GDEN,4
GDOT,4
GDS,4
GE,4
GEF,4
GEL,4
GEN,4
GENE,4
GEO,4
GEOS,4
GERN,4
GES,4
GEVO,4
GFF,4
GFN,4
GG,4
GGAL,4
GGB,4
GGG,4
GGP,4
GHDX,4
GHL,4
GHM,4
GIB,4
GIFI,4
GIGM,4
GIII,4
GIL,4
GILD,4
GILT,4
GIS,4
GKOS,4
GLAD,4
GLDD,4
GLNG,4
GLOB,4
GLOG,4
GLOP,4
GLP,4
GLPG,4
GLPI,4
GLRE,4
GLT,4
GLUU,4
GLW,4
GLYC,4
GM,4
GME,4
GMED,4
GMF,4
GMLP,4
GMO,4
GMS,4
GNBC,4
GNC,4
GNCA,4
GNE,4
GNL,4
GNMK,4
GNMX,4
GNRC,4
GNRT,4
GNTX,4
GNW,4
GOGL,4
GOGO,4
GOL,4
GOLD,4
GOLF,4
GOOD,4
GOOG,4
GOOGL,4
GORO,4
GOV,4
GPC,4
GPI,4
GPK,4
GPL,4
GPN,4
GPOR,4
GPRE,4
GPRO,4
GPS,4
GPT,4
GPX,4
GRA,4
GRBK,4
GRC,4
GRFS,4
GRMN,4
GROW,4
GRPN,4
GRUB,4
GS,4
GSAT,4
GSB,4
GSBC,4
GSG,4
GSIT,4
GSK,4
GSL,4
GSM,4
GST,4
GSUM,4
GSVC,4
GT,4
GTE,4
GTIM,4
GTLS,4
GTN,4
GTS,4
GTT,4
GTXI,4
GTY,4
GURE,4
GV,4
GVA,4
GWB,4
GWPH,4
GWR,4
GWRE,4
GWW,4
GXP,4
GZT,4
H,4
HA,4
HABT,4
HAE,4
HAFC,4
HAIN,4
HAL,4
HALL,4
HALO,4
HAS,4
HASI,4
HAWK,4
HAYN,4
HBAN,4
HBHC,4
HBI,4
HBIO,4
HBM,4
HBNC,4
HBP,4
HCA,4
HCCI,4
HCHC,4
HCI,4
HCKT,4
HCLP,4
HCP,4
HCSG,4
HD,4
HDB,4
HDNG,4
HDP,4
HDS,4
HDSN,4
HE,4
HEES,4
HEI,4
HEI.A,4
HELE,4
HEP,4
HES,4
HF,4
HFC,4
HFWA,4
HGV,4
HHC,4
HHS,4
HI,4
HIBB,4
HIFR,4
HIG,4
HII,4
HIIQ,4
HIL,4
HIMX,4
HIVE,4
HIW,4
HK,4
HL,4
HLF,4
HLI,4
HLIT,4
HLT,4
HLX,4
HMC,4
HMHC,4
HMN,4
HMNY,4
HMST,4
HMSY,4
HNI,4
HNP,4
HOFT,4
HOG,4
HOLI,4
HOLX,4
HOMB,4
HOME,4
HON,4
HOPE,4
HOS,4
HOV,4
HP,4
HPE,4
HPJ,4
HPP,4
HPQ,4
HPR,4
HPT,4
HQCL,4
HQY,4
HR,4
HRB,4
HRC,4
HRG,4
HRI,4
HRL,4
HRS,4
HRTG,4
HRTX,4
HRZN,4
HSBC,4
HSC,4
HSIC,4
HSII,4
HST,4
HSTM,4
HSY,4
HT,4
HTA,4
HTBI,4
HTBK,4
HTGC,4
HTGM,4
HTH,4
HTHT,4
HTLD,4
HTLF,4
HTZ,4
HUBB,4
HUBG,4
HUBS,4
HUM,4
HUN,4
HURN,4
HUSA,4
HVT,4
HWCC,4
HWKN,4
HXL,4
HY,4
HYG,4
HYGS,4
HYH,4
HZN,4
HZNP,4
HZO,4
I,4
IAC,4
IART,4
IBB,4
IBCP,4
IBKC,4
IBKR,4
IBM,4
IBN,4
IBOC,4
IBP,4
IBTX,4
ICAD,4
ICD,4
ICE,4
ICF,4
ICFI,4
ICHR,4
ICLR,4
ICON,4
ICUI,4
IDA,4
IDCC,4
IDRA,4
IDSY,4
IDT,4
IDTI,4
IDV,4
IDXX,4
IEP,4
IEX,4
IFF,4
IFN,4
IGE,4
IGT,4
IHG,4
IIIN,4
IIVI,4
IJH,4
IJJ,4
IJK,4
IJR,4
IJS,4
IJT,4
ILF,4
ILG,4
ILMN,4
IMAX,4
IMDZ,4
IMGN,4
IMH,4
IMKTA,4
IMMR,4
IMMU,4
IMO,4
IMOS,4
IMPV,4
INAP,4
INCY,4
INDB,4
INFI,4
INFN,4
INFO,4
INFY,4
ING,4
INGN,4
INGR,4
INN,4
INO,4
INOV,4
INSG,4
INSM,4
INST,4
INSY,4
INT,4
INTC,4
INTL,4
INTU,4
INTX,4
INVA,4
INWK,4
INXN,4
IO,4
IONS,4
IOSP,4
IOVA,4
IP,4
IPAR,4
IPCC,4
IPCI,4
IPG,4
IPGP,4
IPHI,4
IPHS,4
IPI,4
IPXL,4
IQV,4
IR,4
IRBT,4
IRDM,4
IRET,4
IRM,4
IRT,4
IRTC,4
IRWD,4
ISBC,4
ISCA,4
ISIG,4
ISRG,4
ISSC,4
IT,4
ITCI,4
ITG,4
ITGR,4
ITRI,4
ITT,4
ITUB,4
ITW,4
IVAC,4
IVC,4
IVR,4
IVV,4
IVZ,4
IWD,4
IWF,4
IWM,4
IWN,4
IWO,4
IWP,4
IWR,4
IWS,4
IYE,4
IYR,4
IYW,4
JACK,4
JAKK,4
JASO,4
JAZZ,4
JBHT,4
JBL,4
JBLU,4
JBSS,4
JBT,4
JCI,4
JCOM,4
JCP,4
JD,4
JE,4
JEC,4
JELD,4
JHG,4
JKHY,4
JKS,4
JLL,4
JMEI,4
JNCE,4
JNJ,4
JNK,4
JNP,4
JNPR,4
JOBS,4
JOE,4
JONE,4
JP,4
JPM,4
JRJC,4
JW.A,4
JWN,4
K,4
KAI,4
KALU,4
KAMN,4
KANG,4
KAR,4
KB,4
KBAL,4
KBH,4
KBR,4
KCAP,4
KDMN,4
KE,4
KEG,4
KELYA,4
KEM,4
KEP,4
KERX,4
KEX,4
KEY,4
KEYS,4
KEYW,4
KFRC,4
KFY,4
KGC,4
KHC,4
KIM,4
KIN,4
KIRK,4
KKR,4
KLAC,4
KLIC,4
KLXI,4
KMB,4
KMG,4
KMI,4
KMPR,4
KMT,4
KMX,4
KN,4
KND,4
KNDI,4
KNL,4
KNOP,4
KNSL,4
KNX,4
KO,4
KODK,4
KOF,4
KOP,4
KOPN,4
KORS,4
KOS,4
KPTI,4
KR,4
KRA,4
KRC,4
KRG,4
KRNT,4
KRNY,4
KRO,4
KS,4
KSS,4
KSU,4
KT,4
KTCC,4
KTOS,4
KTWO,4
KURA,4
KVHI,4
KW,4
KWR,4
L,4
LABL,4
LAD,4
LADR,4
LAKE,4
LAMR,4
LANC,4
LAND,4
LAUR,4
LAYN,4
LAZ,4
LB,4
LBAI,4
LBRDA,4
LBRDK,4
LBTYA,4
LBTYK,4
LBY,4
LC,4
LCI,4
LCII,4
LCNB,4
LDL,4
LDOS,4
LEA,4
LECO,4
LEE,4
LEG,4
LEJU,4
LEN,4
LEXEA,4
LFC,4
LFGR,4
LFUS,4
LFVN,4
LGCY,4
LGF.A,4
LGF.B,4
LGIH,4
LGND,4
LH,4
LHCG,4
LHO,4
LIFE,4
LII,4
LILA,4
LILAK,4
LINC,4
LINU,4
LION,4
LITB,4
LIVN,4
LJPC,4
LKFN,4
LKM,4
LKQ,4
LKSD,4
LL,4
LLL,4
LLNW,4
LLY,4
LM,4
LMAT,4
LMNR,4
LMNX,4
LMRK,4
LMT,4
LN,4
LNC,4
LNDC,4
LNG,4
LNN,4
LNT,4
LNTH,4
LOB,4
LOCO,4
LOGI,4
LOGM,4
LOPE,4
LORL,4
LOW,4
LOXO,4
LPCN,4
LPG,4
LPI,4
LPL,4
LPLA,4
LPNT,4
LPSN,4
LPT,4
LPX,4
LQ,4
LQD,4
LQDT,4
LRAD,4
LRCX,4
LRN,4
LSCC,4
LSI,4
LSTR,4
LSXMA,4
LTC,4
LTM,4
LTPZ,4
LTRPA,4
LTXB,4
LUB,4
LUK,4
LULU,4
LUV,4
LVS,4
LW,4
LXFT,4
LXP,4
LXRX,4
LXU,4
LYB,4
LYG,4
LYTS,4
LYV,4
LZB,4
M,4
MA,4
MAA,4
MAC,4
MACK,4
MAG,4
MAGS,4
MAIN,4
MAN,4
MANH,4
MANT,4
MANU,4
MAR,4
MARA,4
MARK,4
MAS,4
MASI,4
MAT,4
MATR,4
MATW,4
MATX,4
MBBYF,4
MBFI,4
MBI,4
MBT,4
MBUU,4
MBWM,4
MC,4
MCBC,4
MCC,4
MCD,4
MCEP,4
MCF,4
MCFT,4
MCHP,4
MCHX,4
MCK,4
MCO,4
MCRB,4
MCRI,4
MCRN,4
MCS,4
MCY,4
MD,4
MDC,4
MDCA,4
MDCO,4
MDLZ,4
MDP,4
MDR,4
MDRX,4
MDSO,4
MDT,4
MDU,4
MDXG,4
MED,4
MEDP,4
MEET,4
MEI,4
MEIP,4
MELI,4
MEOH,4
MERC,4
MET,4
MFA,4
MFC,4
MFCB,4
MFG,4
MFIN,4
MG,4
MGA,4
MGEE,4
MGI,4
MGIC,4
MGLN,4
MGM,4
MGNX,4
MGPI,4
MGRC,4
MHK,4
MHLD,4
MHO,4
MIC,4
MIDD,4
MIK,4
MIME,4
MIND,4
MINI,4
MITK,4
MITL,4
MITT,4
MKC,4
MKL,4
MKSI,4
MKTX,4
MLCO,4
MLHR,4
MLI,4
MLM,4
MLNT,4
MLNX,4
MLR,4
MMC,4
MMI,4
MMLP,4
MMM,4
MMP,4
MMS,4
MMSI,4
MN,4
MNK,4
MNKD,4
MNOV,4
MNR,4
MNRO,4
MNST,4
MNTA,4
MNTX,4
MO,4
MOBL,4
MOD,4
MODN,4
MOG.A,4
MOH,4
MOMO,4
MON,4
MORN,4
MOS,4
MPAA,4
MPC,4
MPLX,4
MPO,4
MPW,4
MPWR,4
MPX,4
MRC,4
MRCC,4
MRCY,4
MRIN,4
MRK,4
MRLN,4
MRNS,4
MRO,4
MRTN,4
MRTX,4
MRVL,4
MS,4
MSA,4
MSB,4
MSCC,4
MSCI,4
MSEX,4
MSFT,4
MSG,4
MSGN,4
MSI,4
MSM,4
MSTR,4
MT,4
MTB,4
MTCH,4
MTD,4
MTDR,4
MTG,4
MTGE,4
MTH,4
MTN,4
MTOR,4
MTRN,4
MTRX,4
MTSC,4
MTSI,4
MTW,4
MTX,4
MTZ,4
MU,4
MUFG,4
MUR,4
MUSA,4
MVC,4
MVO,4
MWA,4
MX,4
MXIM,4
MXL,4
MXWL,4
MYE,4
MYGN,4
MYL,4
MYOK,4
MYRG,4
MZOR,4
NADLQ,4
NANO,4
NAP,4
NAT,4
NATI,4
NAV,4
NAVG,4
NAVI,4
NBEV,4
NBHC,4
NBIX,4
NBL,4
NBR,4
NBRV,4
NBTB,4
NCI,4
NCLH,4
NCMI,4
NCR,4
NCS,4
NCTY,4
NDAQ,4
NDRO,4
NDSN,4
NE,4
NEE,4
NEM,4
NEO,4
NEOG,4
NEON,4
NEP,4
NEPT,4
NERV,4
NEU,4
NEWM,4
NEWR,4
NEWT,4
NFBK,4
NFG,4
NFLX,4
NFX,4
NG,4
NGD,4
NGG,4
NGHC,4
NGL,4
NGS,4
NGVC,4
NGVT,4
NH,4
NHC,4
NHI,4
NHTC,4
NI,4
NICE,4
NJR,4
NK,4
NKE,4
NKTR,4
NL,4
NLNK,4
NLS,4
NLSN,4
NLY,4
NM,4
NMFC,4
NMIH,4
NMM,4
NMR,4
NNBR,4
NNI,4
NNN,4
NNVC,4
NOA,4
NOAH,4
NOC,4
NOG,4
NOK,4
NOMD,4
NOV,4
NOVN,4
NOVT,4
NOW,4
NP,4
NPO,4
NPTN,4
NR,4
NRE,4
NRG,4
NRP,4
NRT,4
NRZ,4
NS,4
NSA,4
NSC,4
NSH,4
NSIT,4
NSM,4
NSP,4
NSSC,4
NSTG,4
NSU,4
NTAP,4
NTCT,4
NTEC,4
NTES,4
NTGR,4
NTLA,4
NTNX,4
NTP,4
NTR,4
NTRA,4
NTRI,4
NTRP,4
NTRS,4
NTWK,4
NUAN,4
NUE,4
NUS,4
NUVA,4
NVAX,4
NVCR,4
NVDA,4
NVEE,4
NVGS,4
NVIV,4
NVLN,4
NVMI,4
NVO,4
NVS,4
NVTA,4
NWBI,4
NWE,4
NWL,4
NWN,4
NWPX,4
NWS,4
NWSA,4
NWY,4
NX,4
NXPI,4
NXRT,4
NXST,4
NYCB,4
NYLD,4
NYMT,4
NYMX,4
NYRT,4
NYT,4
O,4
OAK,4
OAKS,4
OAS,4
OBE,4
OC,4
OCFC,4
OCIP,4
OCLR,4
OCN,4
OCSI,4
OCSL,4
OCUL,4
ODFL,4
ODP,4
OEC,4
OESX,4
OFC,4
OFG,4
OFIX,4
OGE,4
OGS,4
OHI,4
OHRP,4
OI,4
OIH,4
OII,4
OIS,4
OKE,4
OLED,4
OLLI,4
OLN,4
OLP,4
OMC,4
OMCL,4
OMED,4
OMER,4
OMEX,4
OMF,4
OMI,4
OMN,4
ON,4
ONB,4
ONCE,4
ONDK,4
ONP,4
ONVO,4
OOMA,4
OPB,4
OPHT,4
OPK,4
OPY,4
OR,4
ORA,4
ORAN,4
ORBC,4
ORBK,4
ORC,4
ORCL,4
OREXQ,4
ORI,4
ORIG,4
ORIT,4
ORLY,4
ORMP,4
ORN,4
OSBC,4
OSG,4
OSIS,4
OSK,4
OSTK,4
OSUR,4
OTEX,4
OTIC,4
OTTR,4
OUT,4
OVAS,4
OXM,4
OXSQ,4
OXY,4
OZM,4
OZRK,4
PAA,4
PAAS,4
PACB,4
PACW,4
PAG,4
PAGP,4
PAH,4
PAHC,4
PAM,4
PANW,4
PATK,4
PAY,4
PAYC,4
PAYX,4
PB,4
PBA,4
PBCT,4
PBF,4
PBFX,4
PBH,4
PBI,4
PBPB,4
PBR,4
PBR.A,4
PBT,4
PBYI,4
PCAR,4
PCH,4
PCMI,4
PCOM,4
PCRX,4
PCTI,4
PCTY,4
PCY,4
PCYG,4
PCYO,4
PDCE,4
PDCO,4
PDFS,4
PDLI,4
PDM,4
PDS,4
PEB,4
PEBO,4
PEG,4
PEGA,4
PEGI,4
PEI,4
PEIX,4
PEN,4
PENN,4
PEO,4
PEP,4
PER,4
PERI,4
PERY,4
PES,4
PESI,4
PETS,4
PETX,4
PF,4
PFBC,4
PFE,4
PFF,4
PFG,4
PFGC,4
PFLT,4
PFMT,4
PFNX,4
PFPT,4
PFS,4
PFSI,4
PFSW,4
PG,4
PGC,4
PGH,4
PGLC,4
PGNX,4
PGR,4
PGRE,4
PGTI,4
PGX,4
PH,4
PHG,4
PHH,4
PHM,4
PHX,4
PI,4
PICO,4
PID,4
PII,4
PIN,4
PINC,4
PIR,4
PIRS,4
PJC,4
PJT,4
PK,4
PKD,4
PKE,4
PKG,4
PKI,4
PKOH,4
PKX,4
PLAB,4
PLAY,4
PLCE,4
PLD,4
PLNT,4
PLOW,4
PLSE,4
PLT,4
PLUG,4
PLUS,4
PLX,4
PLXS,4
PM,4
PMT,4
PNC,4
PNFP,4
PNK,4
PNM,4
PNNT,4
PNR,4
PNW,4
PODD,4
POL,4
POOL,4
POR,4
POWI,4
POWL,4
PPBI,4
PPC,4
PPG,4
PPL,4
PQ,4
PRA,4
PRAA,4
PRAH,4
PRCP,4
PRFT,4
PRGO,4
PRGS,4
PRGX,4
PRI,4
PRIM,4
PRK,4
PRKR,4
PRLB,4
PRO,4
PRSC,4
PRTA,4
PRTK,4
PRTY,4
PRU,4
PSA,4
PSB,4
PSEC,4
PSMT,4
PSO,4
PSP,4
PSTG,4
PSTI,4
PSX,4
PSXP,4
PTC,4
PTCT,4
PTEN,4
PTI,4
PTLA,4
PTR,4
PTX,4
PUK,4
PULM,4
PVAC,4
PVG,4
PVH,4
PWR,4
PX,4
PXD,4
PXLW,4
PYPL,4
PZE,4
PZN,4
PZZA,4
QADA,4
QCOM,4
QCRH,4
QDEL,4
QEP,4
QGEN,4
QHC,4
QIWI,4
QLYS,4
QNST,4
QQQ,4
QRTEA,4
QRVO,4
QSII,4
QSR,4
QTM,4
QTNA,4
QTS,4
QTWO,4
QUAD,4
QUIK,4
QURE,4
R,4
RACE,4
RAD,4
RADA,4
RAIL,4
RARE,4
RAS,4
RAVE,4
RAVN,4
RBA,4
RBBN,4
RBC,4
RBCAA,4
RBS,4
RCI,4
RCII,4
RCKT,4
RCL,4
RCMT,4
RDC,4
RDHL,4
RDI,4
RDN,4
RDNT,4
RDS.A,4
RDS.B,4
RDUS,4
RDWR,4
RDY,4
RE,4
RECN,4
REED,4
REG,4
REGI,4
REGN,4
REI,4
REIS,4
RELL,4
RELYQ,4
REN,4
RENN,4
RES,4
RESI,4
RESN,4
RETA,4
REV,4
REVG,4
REXR,4
REXX,4
RF,4
RFIL,4
RFP,4
RGA,4
RGEN,4
RGLD,4
RGLS,4
RGS,4
RH,4
RHI,4
RHP,4
RHT,4
RICK,4
RIG,4
RIGL,4
RIO,4
RIOT,4
RJF,4
RL,4
RLGT,4
RLGY,4
RLH,4
RLI,4
RLJ,4
RM,4
RMAX,4
RMBS,4
RMD,4
RMP,4
RMTI,4
RNET,4
RNG,4
RNR,4
RNST,4
RNWK,4
ROCK,4
ROG,4
ROIC,4
ROK,4
ROL,4
ROLL,4
ROP,4
ROST,4
ROYT,4
RP,4
RPAI,4
RPD,4
RPM,4
RPT,4
RPXC,4
RRC,4
RRD,4
RRGB,4
RRR,4
RRTS,4
RS,4
RSG,4
RSO,4
RSP,4
RSPP,4
RST,4
RSYS,4
RTEC,4
RTH,4
RTIX,4
RTN,4
RTRX,4
RUBI,4
RUSHA,4
RUTH,4
RVLT,4
RVNC,4
RVSB,4
RWT,4
RWX,4
RXN,4
RY,4
RYAAY,4
RYAM,4
RYI,4
RYN,4
S,4
SABR,4
SAFM,4
SAFT,4
SAGE,4
SAH,4
SAIA,4
SAIC,4
SALM,4
SALT,4
SAM,4
SAN,4
SANM,4
SAP,4
SASR,4
SATS,4
SAVE,4
SB,4
SBAC,4
SBCF,4
SBGI,4
SBH,4
SBLK,4
SBNY,4
SBRA,4
SBS,4
SBSI,4
SBUX,4
SC,4
SCCO,4
SCG,4
SCHL,4
SCHN,4
SCHW,4
SCI,4
SCL,4
SCM,4
SCS,4
SCSC,4
SCVL,4
SCWX,4
SCYX,4
SD,4
SDLP,4
SDR,4
SDRL,4
SDT,4
SDY,4
SEAC,4
SEAS,4
SEE,4
SEED,4
SEIC,4
SEM,4
SEMG,4
SENS,4
SEP,4
SERV,4
SF,4
SFBS,4
SFE,4
SFL,4
SFLY,4
SFM,4
SFNC,4
SFS,4
SFUN,4
SGEN,4
SGMO,4
SGMS,4
SGRY,4
SGU,4
SGY,4
SGYP,4
SHAK,4
SHEN,4
SHLD,4
SHLM,4
SHLO,4
SHLX,4
SHO,4
SHOO,4
SHOP,4
SHOS,4
SHPG,4
SHW,4
SID,4
SIFY,4
SIG,4
SIGI,4
SIGM,4
SIMO,4
SINA,4
SIR,4
SIRI,4
SITE,4
SIVB,4
SIX,4
SJI,4
SJM,4
SJR,4
SJW,4
SKIS,4
SKM,4
SKT,4
SKX,4
SKYW,4
SLAB,4
SLB,4
SLCA,4
SLF,4
SLG,4
SLGN,4
SLM,4
SLRC,4
SLS,4
SM,4
SMCI,4
SMED,4
SMFG,4
SMG,4
SMLP,4
SMP,4
SMSI,4
SMTC,4
SMTX,4
SN,4
SNA,4
SNBR,4
SNCR,4
SND,4
SNDX,4
SNE,4
SNH,4
SNHY,4
SNMX,4
SNN,4
SNP,4
SNPS,4
SNR,4
SNSS,4
SNV,4
SNX,4
SNY,4
SO,4
SODA,4
SOHU,4
SOL,4
SON,4
SONC,4
SORL,4
SP,4
SPA,4
SPAR,4
SPB,4
SPG,4
SPGI,4
SPH,4
SPHS,4
SPLK,4
SPN,4
SPNE,4
SPNS,4
SPOK,4
SPPI,4
SPR,4
SPRT,4
SPSC,4
SPTN,4
SPWR,4
SPXC,4
SPY,4
SQ,4
SQM,4
SQNS,4
SR,4
SRC,4
SRCE,4
SRCI,4
SRCL,4
SRDX,4
SRE,4
SREV,4
SRG,4
SRI,4
SRLP,4
SRNE,4
SRPT,4
SRRA,4
SRT,4
SSB,4
SSC,4
SSD,4
SSI,4
SSL,4
SSNC,4
SSNYY,4
SSP,4
SSTK,4
SSW,4
SSYS,4
ST,4
STAA,4
STAG,4
STAR,4
STAY,4
STB,4
STBA,4
STBZ,4
STC,4
STCN,4
STE,4
STFC,4
STI,4
STKL,4
STL,4
STLD,4
STM,4
STML,4
STMP,4
STNG,4
STO,4
STON,4
STOR,4
STRA,4
STRL,4
STT,4
STWD,4
STX,4
STZ,4
SU,4
SUI,4
SUM,4
SUN,4
SUNS,4
SUNW,4
SUP,4
SUPN,4
SVA,4
SVRA,4
SVU,4
SVVC,4
SWIR,4
SWK,4
SWKS,4
SWM,4
SWN,4
SWX,4
SXC,4
SXCP,4
SXE,4
SXI,4
SXT,4
SYBT,4
SYF,4
SYK,4
SYKE,4
SYMC,4
SYNA,4
SYNC,4
SYNH,4
SYNL,4
SYNT,4
SYX,4
SYY,4
T,4
TA,4
TACT,4
TAHO,4
TAL,4
TAP,4
TARO,4
TAST,4
TAT,4
TBBK,4
TBI,4
TBNK,4
TBPH,4
TCAP,4
TCBI,4
TCBK,4
TCF,4
TCMD,4
TCO,4
TCP,4
TCPC,4
TCRD,4
TCS,4
TCX,4
TD,4
TDC,4
TDG,4
TDOC,4
TDS,4
TDY,4
TEAM,4
TECD,4
TECH,4
TECK,4
TEF,4
TEGP,4
TEL,4
TELL,4
TEN,4
TENX,4
TEO,4
TEP,4
TER,4
TERP,4
TEVA,4
TEX,4
TFSL,4
TFX,4
TG,4
TGB,4
TGH,4
TGI,4
TGNA,4
TGP,4
TGS,4
TGT,4
TGTX,4
THC,4
THD,4
THFF,4
THG,4
THO,4
THR,4
THRM,4
THS,4
TI,4
TIER,4
TIF,4
TILE,4
TIP,4
TIS,4
TISI,4
TITN,4
TJX,4
TK,4
TKC,4
TKR,4
TLGT,4
TLK,4
TLP,4
TLRD,4
TM,4
TMHC,4
TMK,4
TMO,4
TMP,4
TMQ,4
TMST,4
TMUS,4
TNAV,4
TNC,4
TNET,4
TNK,4
TNP,4
TNXP,4
TOL,4
TOO,4
TOT,4
TOUR,4
TOWN,4
TOWR,4
TPC,4
TPH,4
TPR,4
TPRE,4
TPVG,4
TPX,4
TR,4
TRC,4
TRCO,4
TREC,4
TREE,4
TREX,4
TRGP,4
TRHC,4
TRI,4
TRIB,4
TRIL,4
TRIP,4
TRK,4
TRMB,4
TRMK,4
TRN,4
TRNC,4
TRNO,4
TROW,4
TROX,4
TRP,4
TRQ,4
TRS,4
TRST,4
TRTN,4
TRU,4
TRUE,4
TRUP,4
TRV,4
TRVG,4
TRX,4
TRXC,4
TS,4
TSCO,4
TSE,4
TSEM,4
TSG,4
TSLA,4
TSLX,4
TSM,4
TSN,4
TSQ,4
TSRO,4
TSS,4
TSU,4
TTC,4
TTD,4
TTEC,4
TTEK,4
TTGT,4
TTI,4
TTM,4
TTMI,4
TTNP,4
TTOO,4
TTPH,4
TTS,4
TTWO,4
TU,4
TUES,4
TUP,4
TUR,4
TURN,4
TV,4
TVPT,4
TVTY,4
TWI,4
TWIN,4
TWNK,4
TWO,4
TWTR,4
TWX,4
TX,4
TXMD,4
TXN,4
TXRH,4
TXT,4
TYL,4
TYPE,4
TZOO,4
UAL,4
UAMY,4
UAN,4
UBA,4
UBNK,4
UBNT,4
UBS,4
UBSH,4
UBSI,4
UCBI,4
UCFC,4
UCTT,4
UDR,4
UE,4
UEC,4
UEIC,4
UEPS,4
UFCS,4
UFI,4
UFPI,4
UFS,4
UGI,4
UGP,4
UHS,4
UHT,4
UIHC,4
UIS,4
UL,4
ULTA,4
ULTI,4
UMBF,4
UMC,4
UMH,4
UMPQ,4
UN,4
UNF,4
UNFI,4
UNH,4
UNIT,4
UNM,4
UNP,4
UNT,4
UNVR,4
UPLD,4
UPS,4
UQM,4
URBN,4
URI,4
USAC,4
USAT,4
USB,4
USCR,4
USFD,4
USG,4
USM,4
USNA,4
USO,4
USPH,4
UTHR,4
UTI,4
UTL,4
UTSI,4
UTX,4
UUUU,4
UVE,4
UVSP,4
UVV,4
V,4
VAC,4
VALE,4
VAR,4
VBIV,4
VC,4
VCEL,4
VCYT,4
VDSI,4
VEC,4
VECO,4
VEDL,4
VEEV,4
VEON,4
VER,4
VERU,4
VET,4
VFC,4
VFH,4
VG,4
VGR,4
VHC,4
VIA,4
VIAB,4
VIAV,4
VICL,4
VICR,4
VIPS,4
VISI,4
VIV,4
VIVO,4
VJET,4
VKTX,4
VLO,4
VLP,4
VLY,4
VMC,4
VMI,4
VMW,4
VNCE,4
VNDA,4
VNET,4
VNO,4
VNOM,4
VNQ,4
VOC,4
VOD,4
VOXX,4
VOYA,4
VPG,4
VR,4
VRA,4
VRAY,4
VREX,4
VRML,4
VRNS,4
VRNT,4
VRS,4
VRSK,4
VRSN,4
VRTU,4
VRTV,4
VRTX,4
VSAR,4
VSAT,4
VSH,4
VSI,4
VSM,4
VSTM,4
VTI,4
VTL,4
VTNR,4
VTR,4
VUZI,4
VVC,4
VVI,4
VVUS,4
VVV,4
VWO,4
VXRT,4
VYGR,4
VZ,4
W,4
WAB,4
WABC,4
WAFD,4
WAGE,4
WAIR,4
WAL,4
WASH,4
WAT,4
WATT,4
WB,4
WBA,4
WBC,4
WBS,4
WBT,4
WCC,4
WCG,4
WCN,4
WD,4
WDAY,4
WDC,4
WDFC,4
WDR,4
WEB,4
WEC,4
WELL,4
WEN,4
WERN,4
WES,4
WETF,4
WEX,4
WFC,4
WFT,4
WGL,4
WGO,4
WGP,4
WGRP,4
WHG,4
WHR,4
WIFI,4
WIN,4
WING,4
WIRE,4
WIT,4
WIX,4
WK,4
WLB,4
WLH,4
WLK,4
WLKP,4
WLL,4
WLTW,4
WM,4
WMB,4
WMC,4
WMGI,4
WMS,4
WMT,4
WNC,4
WNEB,4
WNS,4
WOR,4
WP,4
WPC,4
WPG,4
WPM,4
WPP,4
WPRT,4
WPX,4
WPZ,4
WR,4
WRB,4
WRE,4
WRI,4
WRK,4
WRLD,4
WSBC,4
WSBF,4
WSFS,4
WSM,4
WSO,4
WSR,4
WST,4
WTBA,4
WTFC,4
WTI,4
WTR,4
WTS,4
WTW,4
WU,4
WUBA,4
WWD,4
WWE,4
WWW,4
WY,4
WYN,4
WYNN,4
X,4
XBI,4
XBIT,4
XCOOQ,4
XCRA,4
XEC,4
XEL,4
XENT,4
XHR,4
XIN,4
XL,4
XLB,4
XLF,4
XLNX,4
XLRN,4
XLU,4
XLY,4
XME,4
XNCR,4
XNET,4
XOG,4
XOM,4
XON,4
XONE,4
XOXO,4
XPER,4
XPLR,4
XPO,4
XRAY,4
XRM,4
XRX,4
XXII,4
XYL,4
Y,4
YELP,4
YGE,4
YNDX,4
YORW,4
YPF,4
YRCW,4
YRD,4
YUM,4
YUMC,4
YY,4
Z,4
ZAGG,4
ZAYO,4
ZBH,4
ZBRA,4
ZEN,4
ZEUS,4
ZG,4
ZGNX,4
ZION,4
ZIOP,4
ZIXI,4
ZN,4
ZNGA,4
ZNH,4
ZOES,4
ZTO,4
ZTS,4
ZUMZ,4
ZX,4
ZYNE,4
