0,A
1,AAL
2,AAP
3,AAPL
4,ABBV
5,ABC
6,ABT
7,ACN
8,ADBE
9,ADI
10,ADM
11,ADP
12,ADS
13,ADSK
14,AEE
15,AEP
16,AES
17,AET
18,AFL
19,AGN
20,AIG
21,AIV
22,AIZ
23,AJG
24,AKAM
25,ALB
26,ALGN
27,ALK
28,ALL
29,ALLE
30,ALXN
31,AMAT
32,AMD
33,AME
34,AMG
35,AMGN
36,AMP
37,AMT
38,AMZN
39,ANDV
40,ANSS
41,ANTM
42,AON
43,AOS
44,APA
45,APC
46,APD
47,APH
48,APTV
49,ARE
50,ARNC
51,ATVI
52,AVB
53,AVGO
54,AVY
55,AWK
56,AXP
57,AYI
58,AZO
59,BA
60,BAC
61,BAX
62,BBT
63,BBY
64,BDX
65,BEN
66,BF.B
67,BHF
68,BHGE
69,BIIB
70,BK
71,BKNG
72,BLK
73,BLL
74,BMY
75,BRK.B
76,BSX
77,BWA
78,BXP
79,C
80,CA
81,CAG
82,CAH
83,CAT
84,CB
85,CBOE
86,CBRE
87,CBS
88,CCI
89,CCL
90,CDNS
91,CELG
92,CERN
93,CF
94,CFG
95,CHD
96,CHRW
97,CHTR
98,CI
99,CINF
100,CL
101,CLX
102,CMA
103,CMCSA
104,CME
105,CMG
106,CMI
107,CMS
108,CNC
109,CNP
110,COF
111,COG
112,COL
113,COO
114,COP
115,COST
116,COTY
117,CPB
118,CRM
119,CSCO
120,CSX
121,CTAS
122,CTL
123,CTSH
124,CTXS
125,CVS
126,CVX
127,CXO
128,D
129,DAL
130,DE
131,DFS
132,DG
133,DGX
134,DHI
135,DHR
136,DIS
137,DISCA
138,DISCK
139,DISH
140,DLR
141,DLTR
142,DOV
143,DPS
144,DRE
145,DRI
146,DTE
147,DUK
148,DVA
149,DVN
150,DWDP
151,DXC
152,EA
153,EBAY
154,ECL
155,ED
156,EFX
157,EIX
158,EL
159,EMN
160,EMR
161,EOG
162,EQIX
163,EQR
164,EQT
165,ES
166,ESRX
167,ESS
168,ETFC
169,ETN
170,ETR
171,EVHC
172,EW
173,EXC
174,EXPD
175,EXPE
176,EXR
177,F
178,FAST
179,FB
180,FBHS
181,FCX
182,FDX
183,FE
184,FFIV
185,FIS
186,FISV
187,FITB
188,FL
189,FLIR
190,FLR
191,FLS
192,FMC
193,FOX
194,FOXA
195,FRT
196,FTI
197,FTV
198,GD
199,GE
200,GGP
201,GILD
202,GIS
203,GLW
204,GM
205,GOOG
206,GOOGL
207,GPC
208,GPN
209,GPS
210,GRMN
211,GS
212,GT
213,GWW
214,HAL
215,HAS
216,HBAN
217,HBI
218,HCA
219,HCP
220,HD
221,HES
222,HIG
223,HII
224,HLT
225,HOG
226,HOLX
227,HON
228,HP
229,HPE
230,HPQ
231,HRB
232,HRL
233,HRS
234,HSIC
235,HST
236,HSY
237,HUM
238,IBM
239,ICE
240,IDXX
241,IFF
242,ILMN
243,INCY
244,INFO
245,INTC
246,INTU
247,IP
248,IPG
249,IPGP
250,IQV
251,IR
252,IRM
253,ISRG
254,IT
255,ITW
256,IVZ
257,JBHT
258,JCI
259,JEC
260,JNJ
261,JNPR
262,JPM
263,JWN
264,K
265,KEY
266,KHC
267,KIM
268,KLAC
269,KMB
270,KMI
271,KMX
272,KO
273,KORS
274,KR
275,KSS
276,KSU
277,L
278,LB
279,LEG
280,LEN
281,LH
282,LKQ
283,LLL
284,LLY
285,LMT
286,LNC
287,LNT
288,LOW
289,LRCX
290,LUK
291,LUV
292,LYB
293,M
294,MA
295,MAA
296,MAC
297,MAR
298,MAS
299,MAT
300,MCD
301,MCHP
302,MCK
303,MCO
304,MDLZ
305,MDT
306,MET
307,MGM
308,MHK
309,MKC
310,MLM
311,MMC
312,MMM
313,MNST
314,MO
315,MON
316,MOS
317,MPC
318,MRK
319,MRO
320,MS
321,MSCI
322,MSFT
323,MSI
324,MTB
325,MTD
326,MU
327,MYL
328,NAVI
329,NBL
330,NCLH
331,NDAQ
332,NEE
333,NEM
334,NFLX
335,NFX
336,NI
337,NKE
338,NKTR
339,NLSN
340,NOC
341,NOV
342,NRG
343,NSC
344,NTAP
345,NTRS
346,NUE
347,NVDA
348,NWL
349,NWS
350,NWSA
351,O
352,OKE
353,OMC
354,ORCL
355,ORLY
356,OXY
357,PAYX
358,PBCT
359,PCAR
360,PCG
361,PEG
362,PEP
363,PFE
364,PFG
365,PG
366,PGR
367,PH
368,PHM
369,PKG
370,PKI
371,PLD
372,PM
373,PNC
374,PNR
375,PNW
376,PPG
377,PPL
378,PRGO
379,PRU
380,PSA
381,PSX
382,PVH
383,PWR
384,PX
385,PXD
386,PYPL
387,QCOM
388,QRVO
389,RCL
390,RE
391,REG
392,REGN
393,RF
394,RHI
395,RHT
396,RJF
397,RL
398,RMD
399,ROK
400,ROP
401,ROST
402,RRC
403,RSG
404,RTN
405,SBAC
406,SBUX
407,SCG
408,SCHW
409,SEE
410,SHW
411,SIVB
412,SJM
413,SLB
414,SLG
415,SNA
416,SNPS
417,SO
418,SPG
419,SPGI
420,SPY
421,SRCL
422,SRE
423,STI
424,STT
425,STX
426,STZ
427,SWK
428,SWKS
429,SYF
430,SYK
431,SYMC
432,SYY
433,T
434,TAP
435,TDG
436,TEL
437,TGT
438,TIF
439,TJX
440,TMK
441,TMO
442,TPR
443,TRIP
444,TROW
445,TRV
446,TSCO
447,TSN
448,TSS
449,TTWO
450,TWX
451,TXN
452,TXT
453,UA
454,UAA
455,UAL
456,UDR
457,UHS
458,ULTA
459,UNH
460,UNM
461,UNP
462,UPS
463,URI
464,USB
465,UTX
466,V
467,VAR
468,VFC
469,VIAB
470,VLO
471,VMC
472,VNO
473,VRSK
474,VRSN
475,VRTX
476,VTR
477,VZ
478,WAT
479,WBA
480,WDC
481,WEC
482,WELL
483,WFC
484,WHR
485,WLTW
486,WM
487,WMB
488,WMT
489,WRK
490,WU
491,WY
492,WYN
493,WYNN
494,XEC
495,XEL
496,XL
497,XLNX
498,XOM
499,XRAY
500,XRX
501,XYL
502,YUM
503,ZBH
504,ZION
505,ZTS
